Kamar Tidur,Kamar Mandi,Luas Bangunan,Luas Tanah,Harga,Harga (Juta Rupiah)
3.0,2.0,240.0,331.0,2500000000,2500.0
4.0,2.0,220.0,231.0,2500000000,2500.0
2.0,1.0,61.0,89.0,350000000,350.0
2.0,1.0,45.0,100.0,575000000,575.0
4.0,3.0,137.0,114.0,2400000000,2400.0
4.0,3.0,150.0,118.0,875000000,875.0
3.0,2.0,75.0,100.0,695000000,695.0
3.0,3.0,135.0,147.0,2300000000,2300.0
3.0,3.0,150.0,120.0,1500000000,1500.0
4.0,2.0,85.0,84.0,950000000,950.0
2.0,2.0,72.0,69.0,695000000,695.0
2.0,1.0,54.0,99.0,800000000,800.0
4.0,4.0,205.0,300.0,2800000000,2800.0
2.0,1.0,46.0,66.0,492900000,492.9
2.0,1.0,45.0,67.0,593900000,593.9
3.0,2.0,240.0,331.0,2500000000,2500.0
4.0,3.0,330.0,220.0,2900000000,2900.0
4.0,2.0,139.0,137.0,861100000,861.1
5.0,4.0,170.0,120.0,1350000000,1350.0
3.0,3.0,300.0,220.0,2900000000,2900.0
3.0,3.0,135.0,147.0,2300000000,2300.0
2.0,1.0,54.0,99.0,800000000,800.0
3.0,2.0,135.0,124.0,1200000000,1200.0
4.0,4.0,173.0,173.0,1600000000,1600.0
3.0,3.0,90.0,140.0,780000000,780.0
5.0,5.0,200.0,185.0,1500000000,1500.0
4.0,4.0,155.0,119.0,1300000000,1300.0
2.0,1.0,40.0,62.0,400000000,400.0
3.0,2.0,100.0,100.0,950000000,950.0
3.0,1.0,122.0,232.0,900000000,900.0
5.0,4.0,150.0,160.0,990000000,990.0
3.0,2.0,90.0,90.0,450000000,450.0
2.0,2.0,55.0,90.0,750000000,750.0
3.0,3.0,150.0,160.0,995000000,995.0
2.0,1.0,40.0,72.0,620000000,620.0
4.0,2.0,139.0,137.0,861000000,861.0
2.0,2.0,55.0,63.0,770000000,770.0
4.0,2.0,85.0,133.0,1000000000,1000.0
3.0,2.0,120.0,114.0,1450000000,1450.0
4.0,3.0,104.0,84.0,1200000000,1200.0
3.0,3.0,150.0,120.0,1499000000,1499.0
3.0,2.0,110.0,100.0,945000000,945.0
3.0,2.0,100.0,100.0,950000000,950.0
3.0,2.0,55.0,68.0,680000000,680.0
5.0,3.0,176.0,176.0,1800000000,1800.0
2.0,1.0,54.0,99.0,800000000,800.0
3.0,2.0,100.0,100.0,950000000,950.0
4.0,4.0,155.0,120.0,1300000000,1300.0
2.0,1.0,60.0,144.0,1100000000,1100.0
3.0,2.0,86.0,95.0,1750000000,1750.0
3.0,2.0,180.0,120.0,1400000000,1400.0
4.0,3.0,150.0,155.0,1900000000,1900.0
5.0,3.0,200.0,124.0,1700000000,1700.0
3.0,2.0,70.0,63.0,835000000,835.0
2.0,1.0,40.0,72.0,630000000,630.0
4.0,2.0,100.0,98.0,990000000,990.0
4.0,4.0,120.0,147.0,2300000000,2300.0
23.0,1.0,90.0,124.0,670000000,670.0
6.0,4.0,200.0,240.0,2750000000,2750.0
2.0,1.0,54.0,99.0,800000000,800.0
3.0,2.0,72.0,88.0,1050000000,1050.0
3.0,2.0,119.0,85.0,1299500000,1299.5
4.0,2.0,85.0,133.0,1050000000,1050.0
2.0,2.0,59.0,72.0,674635000,674.64
2.0,2.0,55.0,90.0,750000000,750.0
4.0,4.0,250.0,192.0,1750000000,1750.0
3.0,4.0,135.0,147.0,2300000000,2300.0
3.0,2.0,120.0,114.0,1450000000,1450.0
6.0,4.0,200.0,145.0,1900000000,1900.0
3.0,2.0,60.0,71.0,654000000,654.0
2.0,1.0,40.0,65.0,595000000,595.0
4.0,2.0,120.0,162.0,1700000000,1700.0
2.0,1.0,46.0,115.0,579000000,579.0
3.0,1.0,75.0,142.0,835000000,835.0
2.0,2.0,75.0,112.0,1200000000,1200.0
4.0,2.0,150.0,135.0,700000000,700.0
4.0,4.0,180.0,99.0,1500000000,1500.0
3.0,3.0,170.0,120.0,1500000000,1500.0
2.0,2.0,90.0,100.0,925000000,925.0
4.0,4.0,155.0,119.0,1300000000,1300.0
4.0,3.0,190.0,230.0,1675000000,1675.0
2.0,1.0,46.0,68.0,595000000,595.0
3.0,2.0,105.0,120.0,850000000,850.0
4.0,3.0,133.0,118.0,800000000,800.0
4.0,2.0,140.0,176.0,1300000000,1300.0
3.0,1.0,120.0,99.0,990000000,990.0
4.0,2.0,110.0,98.0,1400000000,1400.0
3.0,3.0,150.0,102.0,1375000000,1375.0
2.0,1.0,50.0,100.0,740000000,740.0
3.0,2.0,135.0,104.0,1200000000,1200.0
3.0,2.0,70.0,95.0,900000000,900.0
3.0,3.0,150.0,120.0,1499000000,1499.0
3.0,3.0,134.0,119.0,1500000000,1500.0
4.0,4.0,155.0,119.0,1300000000,1300.0
3.0,3.0,245.0,186.0,1300000000,1300.0
4.0,3.0,135.0,96.0,1150000000,1150.0
2.0,1.0,60.0,126.0,1225000000,1225.0
4.0,2.0,150.0,135.0,700000000,700.0
3.0,2.0,135.0,104.0,1200000000,1200.0
6.0,3.0,288.0,176.0,2500000000,2500.0
3.0,2.0,70.0,95.0,850000000,850.0
4.0,3.0,150.0,142.0,2650000000,2650.0
2.0,1.0,70.0,90.0,960000000,960.0
2.0,2.0,75.0,100.0,850000000,850.0
4.0,3.0,200.0,238.0,1399000000,1399.0
4.0,2.0,150.0,135.0,700000000,700.0
2.0,1.0,50.0,75.0,748000000,748.0
2.0,1.0,80.0,75.0,800000000,800.0
2.0,2.0,70.0,100.0,850000000,850.0
3.0,2.0,70.0,95.0,900000000,900.0
3.0,3.0,100.0,100.0,1150000000,1150.0
4.0,3.0,180.0,260.0,1400000000,1400.0
2.0,2.0,126.0,140.0,900000000,900.0
4.0,3.0,92.0,189.0,1700000000,1700.0
2.0,1.0,50.0,100.0,750000000,750.0
4.0,2.0,110.0,143.0,1050000000,1050.0
4.0,2.0,85.0,135.0,1000000000,1000.0
2.0,2.0,60.0,100.0,700000000,700.0
4.0,2.0,85.0,133.0,1000000000,1000.0
5.0,2.0,120.0,187.0,1700000000,1700.0
2.0,2.0,75.0,100.0,850000000,850.0
2.0,2.0,172.0,285.0,2200000000,2200.0
4.0,2.0,220.0,120.0,1300000000,1300.0
4.0,2.0,85.0,133.0,1000000000,1000.0
2.0,1.0,58.0,83.0,691000000,691.0
5.0,3.0,200.0,216.0,2560000000,2560.0
5.0,4.0,170.0,133.0,1850000000,1850.0
4.0,2.0,250.0,125.0,665000000,665.0
4.0,3.0,93.0,85.0,1050000000,1050.0
4.0,2.0,220.0,120.0,1300000000,1300.0
3.0,3.0,120.0,70.0,975000000,975.0
5.0,2.0,150.0,256.0,1900000000,1900.0
2.0,2.0,61.0,62.0,794990000,794.99
4.0,2.0,100.0,96.0,1100000000,1100.0
3.0,2.0,100.0,120.0,1100000000,1100.0
3.0,2.0,73.0,106.0,1350000000,1350.0
3.0,2.0,150.0,155.0,2200000000,2200.0
2.0,1.0,46.0,67.0,589995000,590.0
2.0,1.0,80.0,96.0,820000000,820.0
7.0,5.0,200.0,300.0,2600000000,2600.0
4.0,3.0,176.0,176.0,1800000000,1800.0
2.0,1.0,80.0,113.0,1200000000,1200.0
2.0,2.0,84.0,108.0,1299000000,1299.0
2.0,2.0,62.0,63.0,795000000,795.0
3.0,3.0,100.0,100.0,1150000000,1150.0
3.0,3.0,120.0,70.0,975000000,975.0
2.0,2.0,62.0,63.0,795000000,795.0
2.0,1.0,40.0,72.0,580000000,580.0
4.0,3.0,200.0,128.0,1575000000,1575.0
2.0,1.0,40.0,70.0,650000000,650.0
3.0,2.0,120.0,151.0,1800000000,1800.0
3.0,2.0,95.0,95.0,900000000,900.0
2.0,2.0,75.0,100.0,850000000,850.0
5.0,4.0,200.0,220.0,2600000000,2600.0
2.0,1.0,48.0,72.0,580000000,580.0
3.0,3.0,180.0,200.0,2750000000,2750.0
1.0,1.0,180.0,200.0,2750000000,2750.0
3.0,2.0,75.0,96.0,710000000,710.0
2.0,2.0,75.0,110.0,1200000000,1200.0
3.0,2.0,75.0,109.0,850000000,850.0
2.0,2.0,72.0,80.0,696000000,696.0
3.0,2.0,133.0,209.0,1350000000,1350.0
3.0,2.0,75.0,113.0,950000000,950.0
3.0,2.0,160.0,327.0,1600000000,1600.0
3.0,2.0,140.0,85.0,1100000000,1100.0
2.0,2.0,80.0,120.0,975000000,975.0
2.0,1.0,45.0,108.0,700000000,700.0
2.0,2.0,55.0,63.0,790000000,790.0
2.0,1.0,45.0,108.0,775000000,775.0
4.0,2.0,153.0,184.0,1500000000,1500.0
5.0,3.0,154.0,120.0,1500000000,1500.0
3.0,3.0,100.0,170.0,1200000000,1200.0
3.0,1.0,85.0,100.0,750000000,750.0
4.0,2.0,85.0,92.0,980000000,980.0
2.0,2.0,52.0,87.0,680000000,680.0
2.0,2.0,52.0,87.0,680000000,680.0
4.0,3.0,160.0,118.0,775000000,775.0
3.0,2.0,100.0,176.0,1200000000,1200.0
3.0,2.0,85.0,140.0,1100000000,1100.0
3.0,2.0,78.0,98.0,794000000,794.0
3.0,2.0,120.0,143.0,1300000000,1300.0
4.0,2.0,120.0,114.0,1500000000,1500.0
4.0,1.0,100.0,125.0,600000000,600.0
2.0,1.0,40.0,72.0,630000000,630.0
2.0,1.0,48.0,84.0,680000000,680.0
4.0,2.0,100.0,142.0,999000000,999.0
3.0,1.0,80.0,140.0,1275000000,1275.0
2.0,1.0,50.0,88.0,750000000,750.0
3.0,2.0,120.0,152.0,540000000,540.0
4.0,3.0,140.0,169.0,1900000000,1900.0
3.0,2.0,83.0,100.0,1100000000,1100.0
3.0,2.0,80.0,105.0,875000000,875.0
3.0,4.0,140.0,169.0,1900000000,1900.0
2.0,1.0,40.0,72.0,630000000,630.0
3.0,2.0,190.0,160.0,1900000000,1900.0
3.0,2.0,72.0,80.0,696000000,696.0
3.0,3.0,135.0,96.0,1197000000,1197.0
2.0,1.0,50.0,70.0,650000000,650.0
4.0,3.0,120.0,70.0,975000000,975.0
4.0,2.0,120.0,114.0,1500000000,1500.0
5.0,2.0,140.0,88.0,1200000000,1200.0
3.0,2.0,100.0,176.0,1200000000,1200.0
5.0,4.0,170.0,133.0,1850000000,1850.0
3.0,3.0,140.0,176.0,1750000000,1750.0
9.0,9.0,209.0,136.0,2000000000,2000.0
2.0,1.0,50.0,45.0,830000000,830.0
3.0,3.0,150.0,102.0,1375000000,1375.0
4.0,3.0,150.0,118.0,875000000,875.0
3.0,1.0,120.0,99.0,995000000,995.0
7.0,4.0,305.0,312.0,1700000000,1700.0
3.0,3.0,150.0,102.0,1375000000,1375.0
4.0,3.0,150.0,118.0,775000000,775.0
3.0,1.0,120.0,99.0,995000000,995.0
3.0,2.0,75.0,113.0,950000000,950.0
3.0,2.0,78.0,98.0,794000000,794.0
3.0,2.0,100.0,176.0,1200000000,1200.0
3.0,2.0,350.0,400.0,2850000000,2850.0
4.0,3.0,180.0,199.0,2650000000,2650.0
7.0,4.0,312.0,305.0,1500000000,1500.0
3.0,2.0,100.0,176.0,1200000000,1200.0
2.0,1.0,80.0,140.0,1275000000,1275.0
3.0,2.0,100.0,176.0,1200000000,1200.0
2.0,1.0,50.0,73.0,680000000,680.0
3.0,2.0,210.0,153.0,1600000000,1600.0
4.0,3.0,176.0,176.0,1900000000,1900.0
5.0,3.0,220.0,231.0,2500000000,2500.0
3.0,2.0,250.0,230.0,2500000000,2500.0
3.0,2.0,200.0,240.0,2800000000,2800.0
3.0,3.0,110.0,150.0,799000000,799.0
3.0,2.0,218.0,153.0,1600000000,1600.0
3.0,2.0,250.0,306.0,2750000000,2750.0
2.0,2.0,60.0,85.0,975000000,975.0
4.0,3.0,112.0,85.0,979990000,979.99
4.0,2.0,110.0,98.0,1450000000,1450.0
4.0,3.0,140.0,176.0,1900000000,1900.0
2.0,1.0,54.0,72.0,630000000,630.0
2.0,1.0,50.0,78.0,670000000,670.0
3.0,3.0,100.0,100.0,1200000000,1200.0
4.0,2.0,86.0,92.0,981000000,981.0
4.0,4.0,155.0,119.0,1300000000,1300.0
3.0,1.0,122.0,99.0,995000000,995.0
3.0,2.0,90.0,90.0,450000000,450.0
3.0,1.0,120.0,99.0,995000000,995.0
4.0,4.0,155.0,119.0,1300000000,1300.0
5.0,3.0,187.0,215.0,1450000000,1450.0
3.0,2.0,90.0,90.0,550000000,550.0
2.0,1.0,60.0,140.0,630000000,630.0
4.0,2.0,100.0,149.0,975000000,975.0
2.0,1.0,45.0,108.0,785000000,785.0
4.0,2.0,92.0,85.0,980000000,980.0
2.0,1.0,50.0,72.0,725000000,725.0
2.0,1.0,36.0,68.0,531000000,531.0
3.0,2.0,90.0,108.0,1250000000,1250.0
4.0,3.0,135.0,96.0,1150000000,1150.0
2.0,1.0,40.0,60.0,580000000,580.0
2.0,1.0,50.0,78.0,670000000,670.0
2.0,1.0,50.0,78.0,670000000,670.0
2.0,1.0,44.0,67.0,589990000,589.99
3.0,2.0,49.0,76.0,499999593,500.0
3.0,2.0,60.0,71.0,654000000,654.0
2.0,1.0,80.0,108.0,1250000000,1250.0
3.0,2.0,80.0,104.0,680000000,680.0
3.0,2.0,65.0,98.0,785000000,785.0
2.0,1.0,50.0,78.0,670000000,670.0
3.0,1.0,100.0,300.0,1200000000,1200.0
2.0,1.0,45.0,67.0,590000000,590.0
2.0,1.0,45.0,100.0,550000000,550.0
3.0,2.0,155.0,100.0,1200000000,1200.0
5.0,4.0,250.0,210.0,2500000000,2500.0
3.0,3.0,100.0,100.0,1200000000,1200.0
4.0,2.0,200.0,225.0,910000000,910.0
2.0,1.0,50.0,92.0,800000000,800.0
2.0,2.0,75.0,100.0,950000000,950.0
4.0,2.0,106.0,98.0,1450000000,1450.0
3.0,3.0,150.0,102.0,1475000000,1475.0
3.0,3.0,100.0,100.0,1250000000,1250.0
4.0,2.0,100.0,149.0,1050000000,1050.0
3.0,1.0,100.0,300.0,1200000000,1200.0
2.0,1.0,40.0,72.0,499000000,499.0
4.0,2.0,240.0,125.0,1350000000,1350.0
3.0,3.0,150.0,120.0,1500000000,1500.0
2.0,1.0,85.0,94.0,580000000,580.0
5.0,4.0,245.0,186.0,1400000000,1400.0
3.0,3.0,100.0,100.0,1150000000,1150.0
2.0,1.0,36.0,76.0,449000000,449.0
2.0,2.0,113.0,112.0,1300000000,1300.0
2.0,2.0,60.0,60.0,649000000,649.0
3.0,2.0,70.0,95.0,840000000,840.0
2.0,1.0,50.0,100.0,740000000,740.0
2.0,2.0,75.0,100.0,850000000,850.0
4.0,2.0,140.0,176.0,1299000000,1299.0
2.0,2.0,80.0,105.0,875000000,875.0
4.0,3.0,277.0,239.0,1650000000,1650.0
4.0,2.0,240.0,120.0,1320000000,1320.0
3.0,2.0,210.0,163.0,1900000000,1900.0
2.0,2.0,80.0,160.0,1540000000,1540.0
2.0,2.0,60.0,85.0,980000000,980.0
2.0,2.0,55.0,76.0,635000000,635.0
4.0,3.0,220.0,271.0,1380000000,1380.0
3.0,2.0,220.0,160.0,1500000000,1500.0
5.0,5.0,280.0,210.0,1850000000,1850.0
3.0,2.0,70.0,116.0,850000000,850.0
3.0,3.0,131.0,97.0,1175000000,1175.0
3.0,2.0,170.0,100.0,1075000000,1075.0
3.0,1.0,145.0,177.0,1125000000,1125.0
5.0,2.0,180.0,182.0,1850000000,1850.0
4.0,2.0,200.0,120.0,995000000,995.0
3.0,3.0,100.0,100.0,1200000000,1200.0
3.0,2.0,90.0,98.0,875000000,875.0
3.0,1.0,94.0,108.0,960000000,960.0
5.0,2.0,160.0,353.0,1850000000,1850.0
3.0,2.0,120.0,150.0,950000000,950.0
3.0,1.0,100.0,116.0,675000000,675.0
2.0,1.0,60.0,78.0,745000000,745.0
2.0,1.0,60.0,93.0,840000000,840.0
2.0,1.0,90.0,133.0,895000000,895.0
2.0,2.0,80.0,100.0,775000000,775.0
2.0,1.0,50.0,100.0,795000000,795.0
2.0,1.0,46.0,72.0,200000000,200.0
3.0,2.0,135.0,140.0,1900000000,1900.0
4.0,3.0,160.0,180.0,600000000,600.0
3.0,3.0,100.0,100.0,1200000000,1200.0
3.0,3.0,100.0,100.0,1200000000,1200.0
4.0,2.0,120.0,144.0,950000000,950.0
3.0,1.0,145.0,177.0,1300000000,1300.0
3.0,2.0,177.0,100.0,1300000000,1300.0
3.0,3.0,133.0,100.0,1350000000,1350.0
3.0,2.0,122.0,327.0,1650000000,1650.0
2.0,2.0,68.0,97.0,780000000,780.0
3.0,2.0,160.0,327.0,1850000000,1850.0
2.0,1.0,40.0,72.0,675000000,675.0
7.0,4.0,288.0,176.0,2200000000,2200.0
5.0,4.0,180.0,133.0,1850000000,1850.0
3.0,2.0,120.0,327.0,1650000000,1650.0
4.0,3.0,115.0,100.0,995000000,995.0
3.0,3.0,100.0,100.0,1200000000,1200.0
2.0,1.0,50.0,78.0,670000000,670.0
4.0,2.0,100.0,98.0,990000000,990.0
3.0,3.0,106.0,70.0,1145000000,1145.0
4.0,2.0,100.0,115.0,1099000000,1099.0
4.0,3.0,288.0,216.0,1900000000,1900.0
2.0,1.0,70.0,105.0,1050000000,1050.0
4.0,3.0,150.0,142.0,2650000000,2650.0
4.0,4.0,208.0,300.0,2900000000,2900.0
3.0,2.0,122.0,327.0,1650000000,1650.0
3.0,2.0,327.0,120.0,1649000000,1649.0
3.0,2.0,120.0,327.0,2500000000,2500.0
4.0,3.0,150.0,142.0,2650000000,2650.0
4.0,2.0,98.0,119.0,1100000000,1100.0
4.0,4.0,200.0,175.0,1300000000,1300.0
4.0,2.0,200.0,175.0,1300000000,1300.0
4.0,3.0,90.0,139.0,1350000000,1350.0
3.0,3.0,100.0,100.0,1200000000,1200.0
2.0,2.0,90.0,126.0,1200000000,1200.0
3.0,3.0,115.0,70.0,1300000000,1300.0
2.0,1.0,60.0,90.0,699000000,699.0
3.0,2.0,90.0,133.0,995000000,995.0
3.0,2.0,220.0,153.0,1400000000,1400.0
2.0,2.0,45.0,61.0,479000000,479.0
2.0,2.0,115.0,115.0,1350000000,1350.0
3.0,2.0,100.0,120.0,850000000,850.0
4.0,2.0,100.0,149.0,1050000000,1050.0
4.0,4.0,180.0,220.0,2800000000,2800.0
3.0,3.0,145.0,208.0,2300000000,2300.0
6.0,4.0,200.0,240.0,2800000000,2800.0
2.0,3.0,58.0,72.0,747000000,747.0
4.0,3.0,110.0,100.0,980000000,980.0
3.0,1.0,94.0,60.0,600000000,600.0
5.0,4.0,170.0,133.0,1850000000,1850.0
3.0,2.0,140.0,176.0,1125000000,1125.0
4.0,3.0,170.0,130.0,1850000000,1850.0
3.0,3.0,130.0,96.0,1200000000,1200.0
1.0,1.0,90.0,126.0,1200000000,1200.0
3.0,2.0,60.0,63.0,628000000,628.0
3.0,2.0,180.0,128.0,1150000000,1150.0
3.0,3.0,115.0,70.0,1300000000,1300.0
3.0,3.0,205.0,300.0,2800000000,2800.0
4.0,2.0,120.0,126.0,740000000,740.0
2.0,1.0,52.0,87.0,680000000,680.0
2.0,1.0,60.0,33.0,475000000,475.0
3.0,3.0,100.0,101.0,1150000000,1150.0
2.0,1.0,45.0,61.0,479000000,479.0
3.0,2.0,66.0,99.0,794900000,794.9
4.0,3.0,90.0,139.0,1350000000,1350.0
3.0,2.0,62.0,61.0,745000000,745.0
3.0,3.0,100.0,100.0,1150000000,1150.0
3.0,3.0,98.0,100.0,1150000000,1150.0
3.0,2.0,70.0,115.0,1500000000,1500.0
2.0,2.0,120.0,180.0,1100000000,1100.0
5.0,3.0,200.0,360.0,2200000000,2200.0
3.0,2.0,167.0,315.0,2500000000,2500.0
4.0,2.0,200.0,120.0,990000000,990.0
3.0,3.0,115.0,146.0,1350000000,1350.0
3.0,2.0,85.0,60.0,900000000,900.0
5.0,4.0,150.0,176.0,1300000000,1300.0
3.0,2.0,96.0,91.0,860000000,860.0
3.0,2.0,148.0,205.0,1600000000,1600.0
3.0,2.0,70.0,95.0,850000000,850.0
3.0,2.0,100.0,120.0,795000000,795.0
4.0,4.0,155.0,120.0,1350000000,1350.0
3.0,2.0,75.0,103.0,945000000,945.0
4.0,2.0,122.0,110.0,1290000000,1290.0
4.0,3.0,135.0,96.0,1185000000,1185.0
3.0,2.0,65.0,98.0,795000000,795.0
4.0,3.0,120.0,110.0,1400000000,1400.0
3.0,2.0,178.0,90.0,950000000,950.0
3.0,2.0,145.0,208.0,2600000000,2600.0
3.0,2.0,70.0,95.0,875000000,875.0
2.0,2.0,55.0,50.0,585000000,585.0
3.0,3.0,136.0,98.0,1500000000,1500.0
3.0,2.0,70.0,95.0,850000000,850.0
3.0,1.0,45.0,67.0,595000000,595.0
3.0,4.0,135.0,96.0,1200000000,1200.0
2.0,2.0,50.0,85.0,694000000,694.0
2.0,2.0,50.0,60.0,515000000,515.0
2.0,2.0,59.0,60.0,512000000,512.0
5.0,4.0,170.0,133.0,1850000000,1850.0
3.0,2.0,102.0,102.0,1150000000,1150.0
4.0,4.0,160.0,120.0,1275000000,1275.0
3.0,2.0,70.0,95.0,850000000,850.0
2.0,2.0,50.0,60.0,512000000,512.0
3.0,2.0,155.0,150.0,2200000000,2200.0
2.0,1.0,70.0,120.0,950000000,950.0
5.0,4.0,245.0,186.0,1600000000,1600.0
3.0,1.0,145.0,177.0,1200000000,1200.0
2.0,1.0,125.0,90.0,900000000,900.0
3.0,3.0,105.0,100.0,1150000000,1150.0
3.0,2.0,70.0,148.0,900000000,900.0
5.0,3.0,175.0,105.0,1270000000,1270.0
3.0,2.0,105.0,137.0,1400000000,1400.0
2.0,1.0,165.0,287.0,1250000000,1250.0
2.0,2.0,45.0,61.0,479000000,479.0
2.0,2.0,98.0,50.0,791000000,791.0
3.0,2.0,180.0,198.0,2500000000,2500.0
2.0,1.0,85.0,94.0,675000000,675.0
3.0,2.0,120.0,90.0,825000000,825.0
2.0,1.0,50.0,80.0,625000000,625.0
4.0,2.0,100.0,66.0,875000000,875.0
3.0,2.0,111.0,111.0,1400000000,1400.0
4.0,3.0,200.0,119.0,1785000000,1785.0
3.0,3.0,80.0,120.0,1200000000,1200.0
2.0,1.0,40.0,70.0,685000000,685.0
3.0,1.0,112.0,60.0,599000000,599.0
2.0,1.0,60.0,144.0,1100000000,1100.0
2.0,2.0,75.0,103.0,1025000000,1025.0
4.0,4.0,250.0,355.0,2800000000,2800.0
3.0,2.0,140.0,350.0,2500000000,2500.0
3.0,2.0,180.0,198.0,2600000000,2600.0
3.0,2.0,120.0,114.0,1450000000,1450.0
3.0,2.0,180.0,195.0,2500000000,2500.0
6.0,3.0,150.0,150.0,1300000000,1300.0
3.0,2.0,80.0,84.0,770000000,770.0
2.0,2.0,60.0,53.0,650000000,650.0
2.0,2.0,61.0,96.0,825000000,825.0
3.0,2.0,75.0,103.0,945000000,945.0
2.0,1.0,50.0,72.0,800000000,800.0
2.0,1.0,60.0,70.0,660000000,660.0
3.0,2.0,75.0,103.0,945000000,945.0
4.0,3.0,125.0,119.0,2250000000,2250.0
4.0,3.0,120.0,110.0,1400000000,1400.0
2.0,1.0,50.0,69.0,575000000,575.0
4.0,2.0,1.5,160.0,999000000,999.0
2.0,1.0,100.0,350.0,1500000000,1500.0
3.0,2.0,150.0,232.0,1450000000,1450.0
3.0,2.0,75.0,103.0,945000000,945.0
3.0,2.0,95.0,150.0,1200000000,1200.0
4.0,3.0,100.0,155.0,1900000000,1900.0
3.0,1.0,160.0,176.0,1250000000,1250.0
3.0,1.0,100.0,220.0,1500000000,1500.0
3.0,2.0,150.0,176.0,1275000000,1275.0
2.0,1.0,50.0,69.0,575000000,575.0
2.0,2.0,52.0,98.0,775000000,775.0
2.0,2.0,51.0,98.0,791000000,791.0
3.0,3.0,100.0,100.0,1400000000,1400.0
2.0,1.0,60.0,93.0,835000000,835.0
2.0,1.0,60.0,95.0,868000000,868.0
3.0,1.0,75.0,143.0,835000000,835.0
4.0,2.0,275.0,158.0,1400000000,1400.0
3.0,2.0,190.0,220.0,1200000000,1200.0
4.0,3.0,192.0,192.0,1500000000,1500.0
3.0,2.0,135.0,193.0,1500000000,1500.0
2.0,2.0,60.0,72.0,685000000,685.0
3.0,2.0,75.0,90.0,550000000,550.0
4.0,2.0,132.0,193.0,1400000000,1400.0
2.0,2.0,84.0,105.0,585000000,585.0
2.0,1.0,60.0,135.0,685000000,685.0
3.0,2.0,36.0,116.0,1450000000,1450.0
5.0,4.0,300.0,306.0,2100000000,2100.0
2.0,1.0,45.0,70.0,625000000,625.0
3.0,2.0,90.0,133.0,1000000000,1000.0
3.0,2.0,136.0,116.0,1450000000,1450.0
2.0,1.0,200.0,300.0,1400000000,1400.0
5.0,4.0,290.0,306.0,2750000000,2750.0
3.0,2.0,120.0,144.0,999000000,999.0
3.0,3.0,164.0,132.0,1500000000,1500.0
3.0,2.0,220.0,150.0,1700000000,1700.0
5.0,5.0,290.0,306.0,2800000000,2800.0
4.0,4.0,145.0,117.0,1150000000,1150.0
2.0,2.0,70.0,116.0,850000000,850.0
2.0,1.0,36.0,78.0,525000000,525.0
5.0,3.0,255.0,252.0,2800000000,2800.0
4.0,2.0,115.0,115.0,850000000,850.0
2.0,1.0,68.0,138.0,1100000000,1100.0
2.0,2.0,90.0,132.0,1000000000,1000.0
3.0,2.0,90.0,104.0,625000000,625.0
5.0,4.0,350.0,400.0,2850000000,2850.0
2.0,1.0,65.0,135.0,650000000,650.0
4.0,3.0,230.0,168.0,2200000000,2200.0
2.0,1.0,45.0,73.0,630000000,630.0
3.0,2.0,120.0,160.0,1350000000,1350.0
4.0,4.0,180.0,125.0,1500000000,1500.0
4.0,3.0,200.0,120.0,1300000000,1300.0
4.0,3.0,159.0,142.0,2000000000,2000.0
4.0,3.0,200.0,121.0,1300000000,1300.0
3.0,2.0,100.0,145.0,1400000000,1400.0
3.0,2.0,110.0,111.0,1600000000,1600.0
2.0,1.0,50.0,75.0,645000000,645.0
2.0,1.0,45.0,96.0,699000000,699.0
5.0,4.0,240.0,180.0,2100000000,2100.0
6.0,4.0,240.0,144.0,1600000000,1600.0
2.0,2.0,100.0,128.0,670000000,670.0
3.0,2.0,60.0,63.0,494000000,494.0
3.0,2.0,90.0,70.0,577000000,577.0
2.0,1.0,36.0,91.0,599000000,599.0
2.0,1.0,43.0,74.0,785000000,785.0
4.0,3.0,135.0,100.0,1200000000,1200.0
4.0,3.0,170.0,133.0,1850000000,1850.0
4.0,2.0,124.0,100.0,925000000,925.0
3.0,2.0,137.0,105.0,1400000000,1400.0
5.0,2.0,100.0,187.0,1600000000,1600.0
4.0,3.0,135.0,100.0,1250000000,1250.0
3.0,2.0,75.0,79.0,855000000,855.0
3.0,2.0,215.0,187.0,1420000000,1420.0
3.0,2.0,220.0,147.0,1800000000,1800.0
3.0,2.0,170.0,120.0,1490000000,1490.0
2.0,2.0,60.0,60.0,659000000,659.0
5.0,3.0,170.0,198.0,1500000000,1500.0
3.0,2.0,50.0,60.0,604000000,604.0
3.0,2.0,80.0,120.0,970000000,970.0
4.0,3.0,180.0,224.0,1400000000,1400.0
1.0,1.0,160.0,208.0,1500000000,1500.0
3.0,2.0,120.0,150.0,1250000000,1250.0
2.0,1.0,80.0,120.0,900000000,900.0
4.0,2.0,100.0,65.0,875000000,875.0
1.0,2.0,110.0,150.0,1475000000,1475.0
3.0,2.0,100.0,82.0,1050000000,1050.0
5.0,5.0,285.0,225.0,1850000000,1850.0
3.0,2.0,150.0,232.0,1450000000,1450.0
3.0,2.0,80.0,109.0,975000000,975.0
3.0,1.0,75.0,148.5,925000000,925.0
4.0,3.0,140.0,160.0,1700000000,1700.0
2.0,1.0,50.0,75.0,645000000,645.0
4.0,2.0,150.0,200.0,1250000000,1250.0
4.0,1.0,100.0,250.0,1200000000,1200.0
3.0,3.0,125.0,150.0,1100000000,1100.0
3.0,3.0,90.0,140.0,899000000,899.0
3.0,2.0,110.0,111.0,1600000000,1600.0
4.0,4.0,200.0,175.0,1700000000,1700.0
3.0,2.0,60.0,63.0,434000000,434.0
4.0,3.0,150.0,176.0,1375000000,1375.0
2.0,2.0,45.0,86.0,800000000,800.0
4.0,4.0,200.0,156.0,1350000000,1350.0
3.0,2.0,61.0,71.0,599000000,599.0
